{"cameraMode":{"drawMode":0,"name":"Shaded","section":"Shading Mode"},"sceneLighting":false,"audioPlay":false,"sceneViewState":{"showFog":true,"showMaterialUpdate":true,"showSkybox":false,"showFlares":true,"showImageEffects":true,"showParticleSystems":true},"in2DMode":false,"pivot":{"x":-0.30528783798217776,"y":0.0695716142654419,"z":1.1633141040802003},"rotation":{"x":-0.0931503176689148,"y":-0.017613179981708528,"z":0.0017925332067534328,"w":-0.9955272078514099},"size":5.793011665344238,"orthographic":false}