{"cameraMode":{"drawMode":0,"name":"Shaded","section":"Shading Mode"},"sceneLighting":false,"audioPlay":false,"sceneViewState":{"showFog":true,"showMaterialUpdate":true,"showSkybox":false,"showFlares":true,"showImageEffects":true,"showParticleSystems":true},"in2DMode":false,"pivot":{"x":-0.19626522064208985,"y":1.0028772354125977,"z":0.0},"rotation":{"x":-0.02669982798397541,"y":0.02667914144694805,"z":-0.000308765796944499,"w":-0.999343991279602},"size":2.2230641841888429,"orthographic":false}