{"cameraMode":{"drawMode":0,"name":"Shaded","section":"Shading Mode"},"sceneLighting":false,"audioPlay":false,"sceneViewState":{"showFog":true,"showMaterialUpdate":false,"showSkybox":false,"showFlares":true,"showImageEffects":true,"showParticleSystems":true},"in2DMode":false,"pivot":{"x":-4.409031867980957,"y":-1.992244005203247,"z":-10.085914611816407},"rotation":{"x":-0.21775899827480317,"y":-0.02930295281112194,"z":0.0064689889550209049,"w":-0.9755808115005493},"size":34.16532897949219,"orthographic":false}