{"cameraMode":{"drawMode":0,"name":"Shaded","section":"Shading Mode"},"sceneLighting":false,"audioPlay":false,"sceneViewState":{"showFog":true,"showMaterialUpdate":false,"showSkybox":false,"showFlares":true,"showImageEffects":true,"showParticleSystems":true},"in2DMode":false,"pivot":{"x":-2.5953352451324465,"y":-0.09121561050415039,"z":9.373738288879395},"rotation":{"x":-0.11852672696113587,"y":0.008635678328573704,"z":-0.0010283224983140827,"w":-0.9929205775260925},"size":22.53533172607422,"orthographic":false}