{"cameraMode":{"drawMode":0,"name":"Shaded","section":"Shading Mode"},"sceneLighting":false,"audioPlay":false,"sceneViewState":{"showFog":true,"showMaterialUpdate":false,"showSkybox":false,"showFlares":true,"showImageEffects":true,"showParticleSystems":true},"in2DMode":false,"pivot":{"x":2.195545196533203,"y":5.834250450134277,"z":62.591880798339847},"rotation":{"x":-0.11852672696113587,"y":0.008635678328573704,"z":-0.0010283224983140827,"w":-0.9929205775260925},"size":50.14178466796875,"orthographic":false}