{"cameraMode":{"drawMode":0,"name":"Shaded","section":"Shading Mode"},"sceneLighting":true,"audioPlay":false,"sceneViewState":{"showFog":true,"showMaterialUpdate":false,"showSkybox":true,"showFlares":true,"showImageEffects":true,"showParticleSystems":true},"in2DMode":false,"pivot":{"x":0.4656243324279785,"y":3.1326069831848146,"z":3.103663444519043},"rotation":{"x":-0.2201814502477646,"y":0.010524722747504712,"z":-0.0024013910442590715,"w":-0.9754311442375183},"size":10.112424850463868,"orthographic":false}