{"cameraMode":{"drawMode":0,"name":"Shaded","section":"Shading Mode"},"sceneLighting":true,"audioPlay":false,"sceneViewState":{"showFog":true,"showMaterialUpdate":true,"showSkybox":false,"showFlares":true,"showImageEffects":true,"showParticleSystems":true},"in2DMode":false,"pivot":{"x":-0.00017440319061279297,"y":0.2043178230524063,"z":0.02501065284013748},"rotation":{"x":-0.1792527139186859,"y":0.02982683852314949,"z":-0.005295285023748875,"w":-0.983370304107666},"size":0.8311058878898621,"orthographic":false}