{"cameraMode":{"drawMode":0,"name":"Shaded","section":"Shading Mode"},"sceneLighting":true,"audioPlay":false,"sceneViewState":{"showFog":true,"showMaterialUpdate":false,"showSkybox":false,"showFlares":true,"showImageEffects":true,"showParticleSystems":true},"in2DMode":false,"pivot":{"x":-31.53294563293457,"y":-129.82089233398438,"z":39.48147964477539},"rotation":{"x":0.1971828043460846,"y":-0.033811237663030627,"z":0.0068115913309156899,"w":0.9797695279121399},"size":258.5165710449219,"orthographic":false}