{"cameraMode":{"drawMode":0,"name":"Shaded","section":"Shading Mode"},"sceneLighting":false,"audioPlay":false,"sceneViewState":{"showFog":true,"showMaterialUpdate":true,"showSkybox":false,"showFlares":true,"showImageEffects":true,"showParticleSystems":true},"in2DMode":false,"pivot":{"x":-4.975000381469727,"y":2.4749999046325685,"z":0.024999499320983888},"rotation":{"x":-0.02669982798397541,"y":0.02667914144694805,"z":-0.000308765796944499,"w":-0.999343991279602},"size":14.432316780090332,"orthographic":false}