{"cameraMode":{"drawMode":0,"name":"Shaded","section":"Shading Mode"},"sceneLighting":false,"audioPlay":false,"sceneViewState":{"showFog":true,"showMaterialUpdate":true,"showSkybox":false,"showFlares":true,"showImageEffects":true,"showParticleSystems":true},"in2DMode":false,"pivot":{"x":0.001436471939086914,"y":0.22916370630264283,"z":0.018733203411102296},"rotation":{"x":-0.1792527139186859,"y":0.02982683852314949,"z":-0.005295285023748875,"w":-0.983370304107666},"size":0.746065080165863,"orthographic":false}