{"cameraMode":{"drawMode":0,"name":"Shaded","section":"Shading Mode"},"sceneLighting":true,"audioPlay":false,"sceneViewState":{"showFog":true,"showMaterialUpdate":false,"showSkybox":false,"showFlares":true,"showImageEffects":true,"showParticleSystems":true},"in2DMode":false,"pivot":{"x":0.056999996304512027,"y":9.859139442443848,"z":-1.700058937072754},"rotation":{"x":-0.1938360631465912,"y":0.08962766081094742,"z":0.01779588684439659,"w":0.9767856597900391},"size":22.0,"orthographic":false}