{"cameraMode":{"drawMode":0,"name":"Shaded","section":"Shading Mode"},"sceneLighting":false,"audioPlay":false,"sceneViewState":{"showFog":true,"showMaterialUpdate":true,"showSkybox":false,"showFlares":true,"showImageEffects":true,"showParticleSystems":true},"in2DMode":false,"pivot":{"x":-30.7999267578125,"y":-71.9615478515625,"z":-0.13427734375},"rotation":{"x":-0.1792527139186859,"y":0.02982683852314949,"z":-0.005295285023748875,"w":-0.983370304107666},"size":2603.91162109375,"orthographic":false}