{"cameraMode":{"drawMode":0,"name":"Shaded","section":"Shading Mode"},"sceneLighting":false,"audioPlay":false,"sceneViewState":{"showFog":true,"showMaterialUpdate":false,"showSkybox":true,"showFlares":true,"showImageEffects":true,"showParticleSystems":true},"in2DMode":false,"pivot":{"x":0.0040000081062316898,"y":0.23347365856170655,"z":0.053610265254974368},"rotation":{"x":-0.18538933992385865,"y":0.2946584224700928,"z":-0.058383554220199588,"w":-0.9356310367584229},"size":8.346643447875977,"orthographic":false}