{"cameraMode":{"drawMode":0,"name":"Shaded","section":"Shading Mode"},"sceneLighting":false,"audioPlay":false,"sceneViewState":{"showFog":true,"showMaterialUpdate":true,"showSkybox":false,"showFlares":true,"showImageEffects":true,"showParticleSystems":true},"in2DMode":false,"pivot":{"x":10.34996509552002,"y":-0.14333270490169526,"z":1.3200428485870362},"rotation":{"x":-0.13569630682468415,"y":-0.03445250913500786,"z":0.004888446535915136,"w":-0.9901760816574097},"size":0.6571130156517029,"orthographic":false}