{"cameraMode":{"drawMode":0,"name":"Shaded","section":"Shading Mode"},"sceneLighting":false,"audioPlay":false,"sceneViewState":{"showFog":true,"showMaterialUpdate":true,"showSkybox":false,"showFlares":true,"showImageEffects":true,"showParticleSystems":true},"in2DMode":false,"pivot":{"x":5.43022346496582,"y":2.9700849056243898,"z":-0.8810116648674011},"rotation":{"x":-0.16635780036449433,"y":-0.6979767084121704,"z":0.17223791778087617,"w":-0.674949049949646},"size":15.618268013000489,"orthographic":false}