{"cameraMode":{"drawMode":0,"name":"Shaded","section":"Shading Mode"},"sceneLighting":false,"audioPlay":false,"sceneViewState":{"showFog":true,"showMaterialUpdate":true,"showSkybox":false,"showFlares":true,"showImageEffects":true,"showParticleSystems":true},"in2DMode":false,"pivot":{"x":2.879227638244629,"y":0.553187370300293,"z":10.065821647644043},"rotation":{"x":-0.13569630682468415,"y":-0.03445250913500786,"z":0.004888446535915136,"w":-0.9901760816574097},"size":5.393538951873779,"orthographic":false}