{"cameraMode":{"drawMode":0,"name":"Shaded","section":"Shading Mode"},"sceneLighting":false,"audioPlay":false,"sceneViewState":{"showFog":true,"showMaterialUpdate":true,"showSkybox":false,"showFlares":true,"showImageEffects":true,"showParticleSystems":true},"in2DMode":false,"pivot":{"x":-0.4653134346008301,"y":-1.589859962463379,"z":-8.229508399963379},"rotation":{"x":-0.314395934343338,"y":0.33988866209983828,"z":-0.121565081179142,"w":-0.8780245780944824},"size":5.781047344207764,"orthographic":false}