{"cameraMode":{"drawMode":0,"name":"Shaded","section":"Shading Mode"},"sceneLighting":false,"audioPlay":false,"sceneViewState":{"showFog":true,"showMaterialUpdate":false,"showSkybox":false,"showFlares":true,"showImageEffects":true,"showParticleSystems":true},"in2DMode":false,"pivot":{"x":2.0886411666870119,"y":0.9043084383010864,"z":8.02751636505127},"rotation":{"x":-0.11852672696113587,"y":0.008635678328573704,"z":-0.0010283224983140827,"w":-0.9929205775260925},"size":42.093509674072269,"orthographic":false}