{"cameraMode":{"drawMode":0,"name":"Shaded","section":"Shading Mode"},"sceneLighting":false,"audioPlay":false,"sceneViewState":{"showFog":true,"showMaterialUpdate":true,"showSkybox":false,"showFlares":true,"showImageEffects":true,"showParticleSystems":true},"in2DMode":false,"pivot":{"x":-4.304766654968262,"y":-1.589859962463379,"z":-3.2385544776916506},"rotation":{"x":-0.2828795313835144,"y":0.13641798496246339,"z":-0.0405491478741169,"w":-0.9485752582550049},"size":7.854734897613525,"orthographic":false}