{"cameraMode":{"drawMode":0,"name":"Shaded","section":"Shading Mode"},"sceneLighting":false,"audioPlay":false,"sceneViewState":{"showFog":true,"showMaterialUpdate":false,"showSkybox":true,"showFlares":true,"showImageEffects":true,"showParticleSystems":true},"in2DMode":false,"pivot":{"x":1089.228515625,"y":889.955810546875,"z":162.15957641601563},"rotation":{"x":-0.013809085823595524,"y":0.0020970215555280449,"z":-0.000028972886866540648,"w":-0.9999032020568848},"size":2065.012939453125,"orthographic":false}