{"cameraMode":{"drawMode":0,"name":"Shaded","section":"Shading Mode"},"sceneLighting":false,"audioPlay":false,"sceneViewState":{"showFog":true,"showMaterialUpdate":false,"showSkybox":false,"showFlares":true,"showImageEffects":true,"showParticleSystems":true},"in2DMode":false,"pivot":{"x":0.01059257984161377,"y":0.48203998804092409,"z":-0.11731523275375366},"rotation":{"x":-0.5275590419769287,"y":0.020383212715387346,"z":0.012671544216573239,"w":0.8491898775100708},"size":3.419281482696533,"orthographic":false}