{"cameraMode":{"drawMode":0,"name":"Shaded","section":"Shading Mode"},"sceneLighting":true,"audioPlay":false,"sceneViewState":{"showFog":true,"showMaterialUpdate":true,"showSkybox":true,"showFlares":true,"showImageEffects":true,"showParticleSystems":true},"in2DMode":false,"pivot":{"x":1.219194769859314,"y":2.2337381839752199,"z":0.5349382162094116},"rotation":{"x":0.03682991862297058,"y":0.04611850902438164,"z":0.002243136055767536,"w":-0.9983314871788025},"size":9.008953094482422,"orthographic":true}