{"cameraMode":{"drawMode":0,"name":"Shaded","section":"Shading Mode"},"sceneLighting":false,"audioPlay":false,"sceneViewState":{"showFog":true,"showMaterialUpdate":true,"showSkybox":false,"showFlares":true,"showImageEffects":true,"showParticleSystems":true},"in2DMode":false,"pivot":{"x":-0.19720834493637086,"y":0.0028772056102752687,"z":-1.0},"rotation":{"x":-0.02669982798397541,"y":0.02667914144694805,"z":-0.000308765796944499,"w":-0.999343991279602},"size":2.207183361053467,"orthographic":false}