{"cameraMode":{"drawMode":0,"name":"Shaded","section":"Shading Mode"},"sceneLighting":true,"audioPlay":false,"sceneViewState":{"showFog":true,"showMaterialUpdate":false,"showSkybox":true,"showFlares":true,"showImageEffects":true,"showParticleSystems":true},"in2DMode":false,"pivot":{"x":446.79742431640627,"y":575.0316772460938,"z":-98.78466033935547},"rotation":{"x":-0.0023985537700355055,"y":0.00750346202403307,"z":0.00002746344580373261,"w":0.9999852776527405},"size":5301.17578125,"orthographic":false}