{"cameraMode":{"drawMode":0,"name":"Shaded","section":"Shading Mode"},"sceneLighting":false,"audioPlay":false,"sceneViewState":{"showFog":true,"showMaterialUpdate":true,"showSkybox":false,"showFlares":true,"showImageEffects":true,"showParticleSystems":true},"in2DMode":false,"pivot":{"x":1.2794721126556397,"y":-1.2619267702102662,"z":-4.008172988891602},"rotation":{"x":-0.2591281831264496,"y":-0.2690331041812897,"z":0.07556094229221344,"w":-0.924572229385376},"size":3.811736822128296,"orthographic":false}