{"cameraMode":{"drawMode":0,"name":"Shaded","section":"Shading Mode"},"sceneLighting":false,"audioPlay":false,"sceneViewState":{"showFog":true,"showMaterialUpdate":true,"showSkybox":false,"showFlares":true,"showImageEffects":true,"showParticleSystems":true},"in2DMode":false,"pivot":{"x":10.080171585083008,"y":-0.14643290638923646,"z":1.0263876914978028},"rotation":{"x":-0.13569630682468415,"y":-0.03445250913500786,"z":0.004888446535915136,"w":-0.9901760816574097},"size":1.9616878032684327,"orthographic":false}