{"cameraMode":{"drawMode":0,"name":"Shaded","section":"Shading Mode"},"sceneLighting":false,"audioPlay":false,"sceneViewState":{"showFog":true,"showMaterialUpdate":true,"showSkybox":false,"showFlares":true,"showImageEffects":true,"showParticleSystems":true},"in2DMode":false,"pivot":{"x":-0.01490640640258789,"y":0.9903680086135864,"z":0.08999998867511749},"rotation":{"x":-0.03101968951523304,"y":0.9683265089988709,"z":-0.15435321629047395,"w":-0.19396737217903138},"size":2.590350866317749,"orthographic":false}