{"cameraMode":{"drawMode":0,"name":"Shaded","section":"Shading Mode"},"sceneLighting":false,"audioPlay":false,"sceneViewState":{"showFog":true,"showMaterialUpdate":true,"showSkybox":false,"showFlares":true,"showImageEffects":true,"showParticleSystems":true},"in2DMode":false,"pivot":{"x":-0.4653134346008301,"y":-1.589859962463379,"z":-8.229508399963379},"rotation":{"x":-0.30963724851608279,"y":0.053062599152326587,"z":-0.01716478541493416,"w":-0.9492536187171936},"size":16.7811336517334,"orthographic":false}