{"cameraMode":{"drawMode":0,"name":"Shaded","section":"Shading Mode"},"sceneLighting":false,"audioPlay":false,"sceneViewState":{"showFog":true,"showMaterialUpdate":false,"showSkybox":true,"showFlares":true,"showImageEffects":true,"showParticleSystems":true},"in2DMode":false,"pivot":{"x":162.77659606933595,"y":172.39999389648438,"z":0.0},"rotation":{"x":-0.16297580301761628,"y":-0.03492157906293869,"z":0.0057722050696611408,"w":-0.985995352268219},"size":2563.318115234375,"orthographic":false}