{"cameraMode":{"drawMode":0,"name":"Shaded","section":"Shading Mode"},"sceneLighting":false,"audioPlay":false,"sceneViewState":{"showFog":true,"showMaterialUpdate":true,"showSkybox":false,"showFlares":true,"showImageEffects":true,"showParticleSystems":true},"in2DMode":false,"pivot":{"x":0.901117205619812,"y":0.00285378098487854,"z":0.0},"rotation":{"x":-0.02669982798397541,"y":0.02667914144694805,"z":-0.000308765796944499,"w":-0.999343991279602},"size":2.2460505962371828,"orthographic":false}