{"cameraMode":{"drawMode":0,"name":"Shaded","section":"Shading Mode"},"sceneLighting":false,"audioPlay":false,"sceneViewState":{"showFog":true,"showMaterialUpdate":false,"showSkybox":false,"showFlares":true,"showImageEffects":true,"showParticleSystems":true},"in2DMode":false,"pivot":{"x":-19.82400894165039,"y":4.031532287597656,"z":13.050277709960938},"rotation":{"x":-0.11852672696113587,"y":0.008635678328573704,"z":-0.0010283224983140827,"w":-0.9929205775260925},"size":85.7921142578125,"orthographic":false}